[{'Produktname': 'samsung-ue49ku6170', 'EAN': '8806088392387', 'Gelistet_seit': '24.05.2016', 'Diagonale': '49"/\u200b124cm ', ' Auflösung': '3840x2160 ', ' Panel': 'LCD, LED (Edge-lit, Dimming), gebogen (3.0m Radius), HDR ', ' Bildwiederholfrequenz': '1400Hz (interpoliert) ', ' 3D': 'nein ', ' Tuner': '1x DVB-T/\u200b-T2/\u200b-C/\u200b-S/\u200b-S2 HEVC ', ' Video-Anschlüsse': '3x HDMI, Komponenten (YPbPr), Composite Video ', ' Audio-Anschlüsse': 'Digital Audio Out (1x optisch) ', ' Weitere Anschlüsse': '2x USB 2.0, LAN, 1x CI+ 1.3 ', ' Wireless': 'WLAN ', ' Prozessor': 'Quad-Core ', ' Betriebssystem': 'Tizen ', ' Audio-Decoder': 'Dolby Digital Plus, DTS ', ' Audio-Gesamtleistung': '20W (2x 10W) ', ' Besonderheiten': 'Webbrowser, Webservices, HbbTV, DLNA-Client ', ' Energieeffizienzklasse': 'A ', ' Jahresverbrauch': '123kWh ', ' Leistungsaufnahme': '89W (typisch) ', ' Abmessungen mit Standfuß': '110.4x70.1x31cm ', ' Abmessungen ohne Standfuß': '110.4x64x11.9cm ', ' Gewicht mit Standfuß': '13.50kg ', ' Gewicht ohne Standfuß': '12.30kg'}, ['699', '699', '699', '699', '699', '699', '699', '699', '699', '739', '749', '749', '749', '749', '759', '799', '849', '1099'], ['Kammerhofer&CO Steyr', 'Köck', 'sevenrabbits', 'Servicehansa', 'Krejcik Radio Wien', 'Saturn.at', 'Media Markt.at', 'XXL Resch', 'Gasometercity Onlineshop', 'akatronik', 'Majdic', 'electronic4you', '0815', 'HeimkinoWelt', 'Schreck', 'audio-exklusiv', 'neckermann.at']]
[{'Produktname': 'samsung-ue55ku6070', 'EAN': '8806088272566', 'Gelistet_seit': '30.03.2016', 'Diagonale': '55"/\u200b140cm ', ' Auflösung': '3840x2160 ', ' Panel': 'LCD, LED (Edge-lit, Dimming), HDR ', ' Bildwiederholfrequenz': '1400Hz (interpoliert) ', ' 3D': 'nein ', ' Tuner': '1x DVB-T/\u200b-T2/\u200b-C/\u200b-S/\u200b-S2 MPEG-4 AVC ', ' Video-Anschlüsse': '3x HDMI, Komponenten (YPbPr), Composite Video ', ' Audio-Anschlüsse': 'Digital Audio Out (1x optisch) ', ' Weitere Anschlüsse': '2x USB 2.0, LAN, 1x CI+ 1.3 ', ' Wireless': 'WLAN ', ' Prozessor': 'Quad-Core ', ' Betriebssystem': 'Tizen ', ' Audio-Decoder': 'Dolby Digital Plus, DTS ', ' Audio-Gesamtleistung': '20W (2x 10W) ', ' Besonderheiten': 'Webbrowser, Webservices, DLNA-Client ', ' Energieeffizienzklasse': 'A ', ' Jahresverbrauch': '154kWh ', ' Leistungsaufnahme': '111W (typisch), 0.3W (Standby) ', ' Abmessungen mit Standfuß': '124.3x78.8x31.1cm ', ' Abmessungen ohne Standfuß': '124.3x71.8x6.3cm ', ' Gewicht mit Standfuß': '16.00kg ', ' Gewicht ohne Standfuß': '15.00kg'}, ['679', '679', '683', '685', '699', '699', '699', '699', '699', '703', '729', '729', '730', '749', '749', '749', '749', '749', '749', '749', '750', '760', '827', '830', '844', '883', '963', '988', '1000', '1020', '1037'], ['electronic4you', 'Syswork', 'XXL Resch', 'Kammerhofer&CO Steyr', 'Elektro Kaiba', 'Krejcik Radio Wien', 'Saturn.at', 'Media Markt.at', 'mylemon.at', 'e-tec.at', 'Alternate.at', 'DiTech.at', 'akatronik', 'Majdic', 'Köck', 'sevenrabbits', 'Servicehansa', '0815', 'Gasometercity Onlineshop', 'Selektro', 'AVH-Shop', 'ElectronicShop24', 'HeimkinoWelt', 'ComStern.at', 'ElectronicShop24', 'audio-exklusiv', 'katzenbeisser multimedia & mehr', 'Oberndorfer.tv', 'SHB Steiner - Hofinger - Bauer', 'haym.infotec (it-designworks)']]
[{'Produktname': 'samsung-ue43ku6070', 'EAN': '8806088272283', 'Gelistet_seit': '30.03.2016', 'Diagonale': '43"/\u200b109cm ', ' Auflösung': '3840x2160 ', ' Panel': 'LCD, LED (Edge-lit, Dimming), HDR ', ' Bildwiederholfrequenz': '1400Hz (interpoliert) ', ' 3D': 'nein ', ' Tuner': '1x DVB-T/\u200b-T2/\u200b-C/\u200b-S/\u200b-S2 MPEG-4 AVC ', ' Video-Anschlüsse': '3x HDMI, Komponenten (YPbPr), Composite Video ', ' Audio-Anschlüsse': 'Digital Audio Out (1x optisch) ', ' Weitere Anschlüsse': '2x USB 2.0, LAN, 1x CI+ 1.3 ', ' Wireless': 'WLAN ', ' Prozessor': 'Quad-Core ', ' Betriebssystem': 'Tizen ', ' Audio-Decoder': 'Dolby Digital Plus, DTS ', ' Audio-Gesamtleistung': '20W (2x 10W) ', ' Besonderheiten': 'Webbrowser, Webservices, DLNA-Client ', ' Energieeffizienzklasse': 'A ', ' Jahresverbrauch': '97kWh ', ' Leistungsaufnahme': '70W (typisch) ', ' Abmessungen mit Standfuß': '97.6x63.7x28.8cm ', ' Abmessungen ohne Standfuß': '97.6x56.9x6.3cm ', ' Gewicht mit Standfuß': '9.70kg ', ' Gewicht ohne Standfuß': '8.80kg'}, ['496', '496', '497', '498', '507', '508', '515', '515', '515', '517', '519', '519', '519', '529', '529', '529', '529', '529', '539', '548', '558', '598', '599', '624', '640', '645', '650', '658', '677', '690', '749'], ['electronic4you', 'Selektro', 'Elektro Kaiba', 'AVH-Shop', '0815', 'akatronik', 'Köck', 'Servicehansa', 'sevenrabbits', 'Krejcik Radio Wien', 'Gasometercity Onlineshop', 'e-tec.at', 'Kammerhofer&CO Steyr', 'Majdic', 'Saturn.at', 'Media Markt.at', 'DiTech.at', 'Alternate.at', 'HeimkinoWelt', 'mylemon.at', 'katzenbeisser multimedia & mehr', 'Technik-Ertl', 'multitrader', 'Josef Nopp GmbH', 'Oberndorfer.tv', 'SHB Steiner - Hofinger - Bauer', 'audio-exklusiv', 'Radio Höndl & Co', 'Krob', 'electronics24.at']]
[{'Produktname': 'samsung-ue60ku6070', 'EAN': '8806088272597', 'Gelistet_seit': '30.03.2016', 'Diagonale': '60"/\u200b152cm ', ' Auflösung': '3840x2160 ', ' Panel': 'LCD, LED (Edge-lit, Dimming), HDR ', ' Bildwiederholfrequenz': '1400Hz (interpoliert) ', ' 3D': 'nein ', ' Tuner': '1x DVB-T/\u200b-T2/\u200b-C/\u200b-S/\u200b-S2 MPEG-4 AVC ', ' Video-Anschlüsse': '3x HDMI, Komponenten (YPbPr), Composite Video ', ' Audio-Anschlüsse': 'Digital Audio Out (1x optisch) ', ' Weitere Anschlüsse': '2x USB 2.0, LAN, 1x CI+ 1.3 ', ' Wireless': 'WLAN ', ' Prozessor': 'Quad-Core ', ' Betriebssystem': 'Tizen ', ' Audio-Decoder': 'Dolby Digital Plus, DTS ', ' Audio-Gesamtleistung': '20W (2x 10W) ', ' Besonderheiten': 'Webbrowser, Webservices, DLNA-Client ', ' Energieeffizienzklasse': 'A ', ' Jahresverbrauch': '184kWh ', ' Leistungsaufnahme': '133W (typisch) ', ' Abmessungen mit Standfuß': '136.4x85.3x36.9cm ', ' Abmessungen ohne Standfuß': '136.4x79x6.4cm ', ' Gewicht mit Standfuß': '22.90kg ', ' Gewicht ohne Standfuß': '20.90kg'}, ['949', '949', '949', '949', '949', '949', '949', '949', '949', '949', '985', '988', '989', '994', '995', '1029', '1048', '1079', '1099', '1130', '1148', '1186', '1199', '1248', '1312', '1390', '1448', '1468', '1497', '1499', '1599'], ['Kammerhofer&CO Steyr', 'Majdic', 'Köck', 'electronic4you', 'Servicehansa', '0815', 'Saturn.at', 'Media Markt.at', 'XXL Resch', 'Gasometercity Onlineshop', 'HeimkinoWelt', 'AVH-Shop', 'akatronik', 'ABComputer', 'mylemon.at', 'Krejcik Radio Wien', 'Alternate.at', 'ComStern.at', 'ElectronicShop24', 'Selektro', 'audio-exklusiv', 'INTERSPAR Onlineshop', 'katzenbeisser multimedia & mehr', 'sevenrabbits', 'SHB Steiner - Hofinger - Bauer', 'Radio Höndl & Co', 'e-tec.at', 'multitrader', 'DiTech.at', 'electronics24.at']]
[{'Produktname': 'samsung-ue70ku6079', 'EAN': '8806088355429', 'Gelistet_seit': '14.03.2016', 'Diagonale': '70"/\u200b178cm ', ' Auflösung': '3840x2160 ', ' Panel': 'LCD, LED (Edge-lit, Dimming), HDR ', ' Bildwiederholfrequenz': '1300Hz (interpoliert) ', ' 3D': 'nein ', ' Tuner': '1x DVB-T/\u200b-T2/\u200b-C/\u200b-S/\u200b-S2 HEVC ', ' Video-Anschlüsse': '3x HDMI, Komponenten (YPbPr), Composite Video ', ' Audio-Anschlüsse': 'Digital Audio Out (1x optisch) ', ' Weitere Anschlüsse': '2x USB 2.0, LAN (Wake On LAN), 1x CI+ 1.3 ', ' Wireless': 'WLAN ', ' Prozessor': 'Quad-Core ', ' Betriebssystem': 'Tizen ', ' Audio-Decoder': 'Dolby Digital Plus, DTS ', ' Audio-Gesamtleistung': '20W (2x 10W) ', ' Besonderheiten': 'Webbrowser, Webservices, HbbTV, DLNA-Client, Unicable ', ' Energieeffizienzklasse': 'A ', ' Jahresverbrauch': '245kWh ', ' Leistungsaufnahme': '177W (typisch), 0.3W (Standby) ', ' Abmessungen mit Standfuß': '157.2x99x37.8cm ', ' Abmessungen ohne Standfuß': '157.2x90.8x6.4cm ', ' Gewicht mit Standfuß': '31.10kg ', ' Gewicht ohne Standfuß': '27.60kg ', ' Wiedergabe': 'HEVC, DivX, MKV, AVI ', ' VESA': '400x400 ', ' Herstellergarantie': 'zwei Jahre'}, ['1519', '1519', '1551', '1568', '1599', '1679', '1703', '1766', '1771', '1807', '1859', '1926', '1949'], ['Universal Versand', 'Amazon.at', 'QUELLE', 'OTTO Österreich', 'Alternate.at', 'Amazon.at', 'mylemon.at', 'Cyberport.at', 'Cyberport Österreich', 'XXL Resch', 'ElectronicShop24', 'Conrad.at']]
[{'Produktname': 'samsung-ue40j5170', 'EAN': '8806086979788', 'Gelistet_seit': '16.04.2015', 'Diagonale': '40"/\u200b102cm ', ' Auflösung': '1920x1080 ', ' Panel': 'LCD, LED (Edge-lit) ', ' Bildwiederholfrequenz': '200Hz (interpoliert) ', ' 3D': 'nein ', ' Tuner': '1x DVB-T/\u200b-C/\u200b-S/\u200b-S2 MPEG-4 AVC ', ' Video-Anschlüsse': '2x HDMI 1.4, 1x SCART, Komponenten (YPbPr), Composite Video ', ' Audio-Anschlüsse': 'Digital Audio Out (1x optisch), 1x Kopfhörer (3.5mm) ', ' Weitere Anschlüsse': '2x USB 2.0, 1x CI+ 1.3 ', ' Wireless': 'WLAN ', ' Prozessor': 'Quad-Core ', ' Betriebssystem': 'Tizen ', ' Audio-Decoder': 'Dolby Digital, DTS ', ' Audio-Gesamtleistung': '20W (2x 10W) ', ' Besonderheiten': 'Webbrowser, Webservices, HbbTV, DLNA-Client, Unicable ', ' Energieeffizienzklasse': 'A+ ', ' Jahresverbrauch': '245kWh ', ' Leistungsaufnahme': '177W (typisch), 0.3W (Standby) ', ' Abmessungen mit Standfuß': '90.8x58.6x28.8cm ', ' Abmessungen ohne Standfuß': '90.8x53.3x6.5cm ', ' Gewicht mit Standfuß': '8.60kg ', ' Gewicht ohne Standfuß': '7.60kg ', ' Wiedergabe': 'HEVC, DivX, MKV, AVI ', ' VESA': '400x400 ', ' Herstellergarantie': 'zwei Jahre'}, ['309', '309', '315', '315', '315', '315', '319', '319', '319', '334', '345', '349', '349', '415'], ['XXL Resch', 'Majdic', 'Köck', 'electronic4you', 'Servicehansa', 'Selektro', 'Kammerhofer&CO Steyr', '0815', 'Alternate.at', 'sevenrabbits', 'akatronik', 'INTERSPAR Onlineshop', 'Radio Höndl & Co']]
[{'Produktname': 'samsung-ue65ku6070', 'EAN': '035191565', 'Gelistet_seit': 'seit', 'Diagonale': '65"/\u200b165cm ', ' Auflösung': '3840x2160 ', ' Panel': 'LCD, LED (Edge-lit, Dimming), HDR ', ' Bildwiederholfrequenz': '200Hz (interpoliert) ', ' 3D': 'nein ', ' Tuner': '1x DVB-T/\u200b-T2/\u200b-C/\u200b-S/\u200b-S2 MPEG-4 AVC ', ' Video-Anschlüsse': '3x HDMI, Komponenten (YPbPr), Composite Video ', ' Audio-Anschlüsse': 'Digital Audio Out (1x optisch) ', ' Weitere Anschlüsse': '2x USB 2.0, LAN, 1x CI+ 1.3 ', ' Wireless': 'WLAN ', ' Prozessor': 'Quad-Core ', ' Betriebssystem': 'Tizen ', ' Audio-Decoder': 'Dolby Digital Plus, DTS ', ' Audio-Gesamtleistung': '20W (2x 10W) ', ' Besonderheiten': 'Webbrowser, Webservices, DLNA-Client ', ' Energieeffizienzklasse': 'A ', ' Jahresverbrauch': '245kWh ', ' Leistungsaufnahme': '177W (typisch), 0.3W (Standby) ', ' Abmessungen mit Standfuß': '146.4x90.8x36.9cm ', ' Abmessungen ohne Standfuß': '146.4x84.5x6.5cm ', ' Gewicht mit Standfuß': '25.80kg ', ' Gewicht ohne Standfuß': '23.70kg', ' Wiedergabe': 'HEVC, DivX, MKV, AVI ', ' VESA': '400x400 ', ' Herstellergarantie': 'zwei Jahre'}, ['1200', '1200', '1218', '1218', '1219', '1249', '1269', '1289', '1299', '1389', '1395', '1397', '1397', '1397', '1398', '1399', '1399', '1399', '1399', '1401', '1410', '1420', '1446', '1499', '1499', '1679', '1699', '1719', '1722', '1799', '1837'], ['Elektro Karlinger', 'Elektro Kaiba', '0815', 'Selektro', 'ComStern.at', 'audio-exklusiv', 'Schreck', 'Kammerhofer&CO Steyr', 'Krejcik Radio Wien', 'electronic4you', 'HeimkinoWelt', 'Gasometercity Onlineshop', 'AVH-Shop', 'Syswork', 'akatronik', 'Köck', 'Servicehansa', 'Media Markt.at', 'ElectronicShop24', 'mylemon.at', 'VDS-Online', 'e-tec.at', 'Majdic', 'Alternate.at', 'ElectronicShop24', 'DiTech.at', 'katzenbeisser multimedia & mehr', 'sevenrabbits', 'XXL Resch', 'SHB Steiner - Hofinger - Bauer']]
[{'Produktname': 'electronics-55uh615v', 'EAN': '880608489', 'Gelistet_seit': '8806087680294</p>', 'Diagonale': '55"/\u200b140cm ', ' Auflösung': '3840x2160 ', ' Panel': 'LCD, LED (Edge-lit, Dimming), IPS, HDR ', ' Bildwiederholfrequenz': '1200Hz (interpoliert) ', ' 3D': 'nein ', ' Tuner': '1x DVB-T/\u200b-T2/\u200b-C/\u200b-S/\u200b-S2 HEVC ', ' Video-Anschlüsse': '3x HDMI 2.0 (HDCP 2.2), Komponenten (YPbPr), Composite Video ', ' Audio-Anschlüsse': 'Digital Audio Out (1x optisch), 1x Kopfhörer (3.5mm) ', ' Weitere Anschlüsse': '1x USB 2.0, LAN, 1x CI+ 1.3 ', ' Wireless': 'WLAN, WiDi, Miracast ', ' Prozessor': 'Quad-Core ', ' Betriebssystem': 'WebOS 3.0 ', ' Audio-Decoder': 'DTS ', ' Audio-Gesamtleistung': '20W (2x 10W) ', ' Besonderheiten': 'Webbrowser, Webservices, DLNA-Client, USB-Recorder ', ' Energieeffizienzklasse': 'A++ ', ' Jahresverbrauch': '114kWh ', ' Leistungsaufnahme': '78W (typisch), 0.3W (Standby) ', ' Abmessungen mit Standfuß': '124x77.8x23.7cm ', ' Abmessungen ohne Standfuß': '124x72.2x5.7cm ', ' Gewicht mit Standfuß': '18.10kg ', ' Gewicht ohne Standfuß': '17.80kg ', ' Wiedergabe': 'HEVC, DivX, MKV, AVI ', ' VESA': '300x300 ', ' Herstellergarantie': 'zwei Jahre'}, ['592', '592', '629', '664', '699', '705', '874', '1099', '1099'], ['QUELLE', 'Universal Versand', 'OTTO Österreich', 'Amazon.at', 'Cyberport.at', 'Krejcik Radio Wien', 'd-t-s.at', 'HeimkinoWelt']]
[{'Produktname': 'samsung-ue32k5579', 'EAN': '8806088256610', 'Gelistet_seit': '15.03.2016', 'Diagonale': '32"/\u200b81cm ', ' Auflösung': '1920x1080 ', ' Panel': 'LCD, LED (Edge-lit, Dimming) ', ' Bildwiederholfrequenz': '1200Hz (interpoliert) ', ' 3D': 'nein ', ' Tuner': '1x DVB-T/\u200b-T2/\u200b-C/\u200b-S/\u200b-S2 HEVC ', ' Video-Anschlüsse': '3x HDMI, Komponenten (YPbPr), Composite Video ', ' Audio-Anschlüsse': 'Digital Audio Out (1x optisch) ', ' Weitere Anschlüsse': '2x USB 2.0, LAN, 1x CI+ 1.3 ', ' Wireless': 'WLAN, Bluetooth ', ' Prozessor': 'Quad-Core ', ' Betriebssystem': 'WebOS 3.0 ', ' Audio-Decoder': 'Dolby Digital Plus, DTS ', ' Audio-Gesamtleistung': '20W (2x 10W) ', ' Besonderheiten': 'Webbrowser, Webservices, HbbTV, DLNA-Client, Unicable ', ' Energieeffizienzklasse': 'A ', ' Jahresverbrauch': '55kWh ', ' Leistungsaufnahme': '40W (typisch), 0.3W (Standby) ', ' Abmessungen mit Standfuß': '73x48.9x20.8cm ', ' Abmessungen ohne Standfuß': '73x43.4x5.5cm ', ' Gewicht mit Standfuß': '6.00kg ', ' Gewicht ohne Standfuß': '5.30kg ', ' Wiedergabe': 'HEVC, DivX, MKV, AVI ', ' VESA': '100x100 ', ' Herstellergarantie': 'zwei Jahre'}, ['318', '318', '318', '321', '332', '351', '354', '375', '379', '379', '387', '399', '399', '423', '427', '429'], ['Universal Versand', 'QUELLE', 'Amazon.at', 'OTTO Österreich', 'computeruniverse.at', 'Alternate.at', 'mylemon.at', 'Cyberport Österreich', 'Cyberport.at', 'Amazon.at', 'Kammerhofer&CO Steyr', 'Oberndorfer.tv', 'ElectronicShop24', 'audio-exklusiv', 'Conrad.at']]
[{'Produktname': 'samsung-ue40ku6070', 'EAN': '8806088272535', 'Gelistet_seit': '30.03.2016', 'Diagonale': '40"/\u200b102cm ', ' Auflösung': '3840x2160 ', ' Panel': 'LCD, LED (Edge-lit, Dimming), HDR ', ' Bildwiederholfrequenz': '1200Hz (interpoliert) ', ' 3D': 'nein ', ' Tuner': '1x DVB-T/\u200b-T2/\u200b-C/\u200b-S/\u200b-S2 MPEG-4 AVC ', ' Video-Anschlüsse': '3x HDMI, Komponenten (YPbPr), Composite Video ', ' Audio-Anschlüsse': 'Digital Audio Out (1x optisch) ', ' Weitere Anschlüsse': '2x USB 2.0, LAN, 1x CI+ 1.3 ', ' Wireless': 'WLAN ', ' Prozessor': 'Quad-Core ', ' Betriebssystem': 'WebOS 3.0 ', ' Audio-Decoder': 'Dolby Digital Plus, DTS ', ' Audio-Gesamtleistung': '20W (2x 10W) ', ' Besonderheiten': 'Webbrowser, Webservices, DLNA-Client ', ' Energieeffizienzklasse': 'A ', ' Jahresverbrauch': '86kWh ', ' Leistungsaufnahme': '62W (typisch) ', ' Abmessungen mit Standfuß': '91.8x59.7x28.8cm ', ' Abmessungen ohne Standfuß': '91.8x53.4x6.3cm ', ' Gewicht mit Standfuß': '8.60kg ', ' Gewicht ohne Standfuß': '7.70kg', ' Wiedergabe': 'HEVC, DivX, MKV, AVI ', ' VESA': '100x100 ', ' Herstellergarantie': 'zwei Jahre'}, ['488', '488', '488', '489', '489', '489', '489', '489', '495', '499', '499', '500', '535', '539', '569', '574', '588', '596', '599', '611', '615', '619', '620', '639', '649', '661', '679', '735', '819'], ['electronic4you', 'Elektro Kaiba', 'Köck', 'HeimkinoWelt', 'Servicehansa', 'Krejcik Radio Wien', '0815', 'sevenrabbits', 'akatronik', 'Gasometercity Onlineshop', 'Kammerhofer&CO Steyr', 'Selektro', 'ComStern.at', 'ABComputer', 'e-tec.at', 'ElectronicShop24', 'audio-exklusiv', 'DiTech.at', 'Syswork', 'katzenbeisser multimedia & mehr', 'AVH-Shop', 'Oberndorfer.tv', 'haym.infotec (it-designworks)', 'SHB Steiner - Hofinger - Bauer', 'Radio Höndl & Co', 'electronics24.at', 'Ennstal [IT]', 'neckermann.at']]
[{'Produktname': 'samsung-ue50ku6079', 'EAN': '8806088247540', 'Gelistet_seit': '14.03.2016', 'Diagonale': '50"/\u200b127cm ', ' Auflösung': '3840x2160 ', ' Panel': 'LCD, LED (Edge-lit, Dimming), HDR ', ' Bildwiederholfrequenz': '1300Hz (interpoliert) ', ' 3D': 'nein ', ' Tuner': '1x DVB-T/\u200b-T2/\u200b-C/\u200b-S/\u200b-S2 HEVC ', ' Video-Anschlüsse': '3x HDMI, Komponenten (YPbPr), Composite Video ', ' Audio-Anschlüsse': 'Digital Audio Out (1x optisch) ', ' Weitere Anschlüsse': '2x USB 2.0, LAN (Wake On LAN), 1x CI+ 1.3 ', ' Wireless': 'WLAN, Bluetooth ', ' Prozessor': 'Quad-Core ', ' Betriebssystem': 'Tizen ', ' Audio-Decoder': 'Dolby Digital Plus, DTS ', ' Audio-Gesamtleistung': '20W (2x 10W) ', ' Besonderheiten': 'Webbrowser, Webservices, HbbTV, DLNA-Client, Unicable ', ' Energieeffizienzklasse': 'A ', ' Jahresverbrauch': '129kWh ', ' Leistungsaufnahme': '93W (typisch), 0.3W (Standby) ', ' Abmessungen mit Standfuß': '112.9x72.4x31.1cm ', ' Abmessungen ohne Standfuß': '112.9x65.4x6.3cm ', ' Gewicht mit Standfuß': '13.20kg ', ' Gewicht ohne Standfuß': '12.20kg ', ' Wiedergabe': 'HEVC, DivX, MKV, AVI ', ' VESA': '400x400 ', ' Herstellergarantie': 'zwei Jahre'}, ['595', '595', '597', '601', '604', '619', '620', '634', '635', '748', '749', '773', '799'], ['QUELLE', 'Universal Versand', 'Amazon.at', 'Cyberport.at', 'Alternate.at', 'Cyberport Österreich', 'mylemon.at', 'OTTO Österreich', 'ElectronicShop24', 'Elektro24.Store', 'ElectronicShop24', 'Conrad.at']]
[{'Produktname': 'oled-65b6v', 'EAN': '880608759', 'Gelistet_seit': '8806087708684</p>', 'Diagonale': '65"/\u200b165cm ', ' Auflösung': '3840x2160 ', ' Panel': 'OLED, HDR ', ' Bildwiederholfrequenz': '1300Hz (interpoliert) ', ' 3D': 'nein ', ' Tuner': '1x DVB-T/\u200b-T2/\u200b-C/\u200b-S/\u200b-S2 HEVC ', ' Video-Anschlüsse': '4x HDMI 2.0 (HDCP 2.2), Komponenten (YPbPr), Composite Video ', ' Audio-Anschlüsse': 'Digital Audio Out (1x optisch), 1x Kopfhörer (3.5mm) ', ' Weitere Anschlüsse': '1x USB 3.0, 2x USB 2.0, LAN, 1x CI+ 1.3 ', ' Wireless': 'WLAN 802.11ac, Bluetooth, WiDi, Miracast ', ' Prozessor': 'Quad-Core ', ' Betriebssystem': 'Web OS 3.0 ', ' Audio-Decoder': 'DTS ', ' Audio-Gesamtleistung': '40W (2x 20W) ', ' Besonderheiten': 'Webbrowser, Webservices, DLNA-Client, USB-Recorder, Ultra HD Premium, Dolby Vision, Sprachsteuerung, Gestensteuerung ', ' Energieeffizienzklasse': 'A ', ' Jahresverbrauch': '129kWh ', ' Leistungsaufnahme': '93W (typisch), 0.3W (Standby) ', ' Abmessungen mit Standfuß': '145.1x88.2x22.5cm ', ' Abmessungen ohne Standfuß': '145.1x83.8x4.9cm ', ' Gewicht mit Standfuß': '25.40kg ', ' Gewicht ohne Standfuß': '22.10kg ', ' Wiedergabe': 'HEVC, DivX, MKV, AVI ', ' VESA': '300x200', ' Herstellergarantie': 'zwei Jahre'}, ['3319', '3319', '3348', '3348', '3349', '3349', '3349', '3349', '3350', '3419', '3419', '3495', '3599', '3798', '3798', '3799', '3799', '3799', '5160', '5160', '5799'], ['myduano.com', 'electronic4you', 'Krejcik Radio Wien', 'audio-exklusiv', 'Kammerhofer&CO Steyr', 'Majdic', 'HeimkinoWelt', 'ComStern.at', 'Universal Versand', 'OTTO Österreich', 'QUELLE', 'AVH-Shop', 'Radio Höndl & Co', 'sevenrabbits', 'electronics24.at', 'Köck', 'Saturn.at', 'Lefkowits', 'Gendo', 'd-t-s.at']]
[{'Produktname': 'oled-55b6v', 'EAN': '880608759', 'Gelistet_seit': '8806087597547', 'Diagonale': '55"/\u200b140cm ', ' Auflösung': '3840x2160 ', ' Panel': 'OLED, HDR ', ' Bildwiederholfrequenz': '1300Hz (interpoliert) ', ' 3D': 'nein ', ' Tuner': '1x DVB-T/\u200b-T2/\u200b-C/\u200b-S/\u200b-S2 HEVC ', ' Video-Anschlüsse': '4x HDMI 2.0 (HDCP 2.2), Komponenten (YPbPr), Composite Video ', ' Audio-Anschlüsse': 'Digital Audio Out (1x optisch), 1x Kopfhörer (3.5mm) ', ' Weitere Anschlüsse': '1x USB 3.0, 2x USB 2.0, LAN, 1x CI+ 1.3 ', ' Wireless': 'WLAN 802.11ac, Bluetooth, WiDi, Miracast ', ' Prozessor': 'Quad-Core ', ' Betriebssystem': 'Web OS 3.0 ', ' Audio-Decoder': 'DTS ', ' Audio-Gesamtleistung': '40W (2x 20W) ', ' Besonderheiten': 'Webbrowser, Webservices, DLNA-Client, USB-Recorder, Ultra HD Premium, Dolby Vision, Sprachsteuerung, Gestensteuerung ', ' Energieeffizienzklasse': 'B ', ' Jahresverbrauch': '212kWh ', ' Leistungsaufnahme': '145W (typisch), 0.5W (Standby) ', ' Abmessungen mit Standfuß': '122.9x75.9x22.5cm ', ' Abmessungen ohne Standfuß': '122.9x71.5x4.9cm ', ' Gewicht mit Standfuß': '16.50kg ', ' Gewicht ohne Standfuß': '13.20kg ', ' Wiedergabe': 'HEVC, DivX, MKV, AVI ', ' VESA': '300x200', ' Herstellergarantie': 'zwei Jahre'}, ['2239', '2239', '2489', '2490', '2498', '2498', '2499', '2499', '2499', '2499', '2503', '2548', '2599', '2609', '2609', '2667', '2798', '2799', '2799', '2799', '2799', '2799', '2875', '3149', '3158', '3798', '3799'], ['myduano.com', 'electronic4you', 'ComStern.at', 'Kammerhofer&CO Steyr', 'e-tec.at', 'electronics24.at', 'HeimkinoWelt', 'AVH-Shop', 'Krejcik Radio Wien', 'audio-exklusiv', 'DiTech.at', 'Gasometercity Onlineshop', 'Universal Versand', 'OTTO Österreich', 'QUELLE', 'Radio Höndl & Co', 'Majdic', 'Köck', 'sevenrabbits', 'Lefkowits', 'Saturn.at', '0815', 'Schreck', 'Gendo', 'BA-Computer', 'd-t-s.at']]
[{'Produktname': 'samsung-ue49ku6400', 'EAN': '880608828', 'Gelistet_seit': '8806088295466', 'Diagonale': '49"/\u200b124cm ', ' Auflösung': '3840x2160 ', ' Panel': 'LCD, LED (Edge-lit, Dimming), HDR ', ' Bildwiederholfrequenz': '1500Hz (interpoliert) ', ' 3D': 'nein ', ' Tuner': '1x DVB-T/\u200b-T2/\u200b-C/\u200b-S/\u200b-S2 MPEG-4 AVC ', ' Video-Anschlüsse': '3x HDMI, Komponenten (YPbPr), Composite Video ', ' Audio-Anschlüsse': 'Digital Audio Out (1x optisch) ', ' Weitere Anschlüsse': '2x USB 2.0, LAN, 1x CI+ 1.3 ', ' Wireless': 'WLAN, Bluetooth ', ' Prozessor': 'Quad-Core ', ' Betriebssystem': 'Web OS 3.0 ', ' Audio-Decoder': 'Dolby Digital Plus, DTS ', ' Audio-Gesamtleistung': '20W (2x 10W) ', ' Besonderheiten': 'Webbrowser, Webservices, HbbTV, DLNA-Client ', ' Energieeffizienzklasse': 'A ', ' Jahresverbrauch': '123kWh ', ' Leistungsaufnahme': '89W (typisch) ', ' Abmessungen mit Standfuß': '110.1x69.9x29.6cm ', ' Abmessungen ohne Standfuß': '110.1x63.9x5.5cm ', ' Gewicht mit Standfuß': '17.10kg ', ' Gewicht ohne Standfuß': '14.40kg', ' Wiedergabe': 'HEVC, DivX, MKV, AVI ', ' VESA': '300x200', ' Herstellergarantie': 'zwei Jahre'}, ['658', '658', '658', '658', '658', '658', '658', '658', '659', '659', '660', '663', '679', '679', '679', '688', '689', '689', '696', '696', '699', '699', '706', '748', '799', '815', '829', '850', '889', '889', '943'], ['Selektro', 'Köck', 'Elektro Kaiba', 'Servicehansa', 'Krejcik Radio Wien', '0815', 'XXL Resch', 'akatronik', 'AVH-Shop', 'myduano.com', 'sevenrabbits', 'Kammerhofer&CO Steyr', 'Gasometercity Onlineshop', 'Alternate.at', 'SHB Steiner - Hofinger - Bauer', 'ABComputer', 'e-tec.at', 'Majdic', 'electronic4you', 'ComStern.at', 'DiTech.at', 'mylemon.at', 'HeimkinoWelt', 'Elektro-Kuchling', 'ElectronicShop24', 'W4Sat-Madhuber', 'ElectronicShop24', 'katzenbeisser multimedia & mehr', 'Oberndorfer.tv', 'Radio Höndl & Co']]
[{'Produktname': 'samsung-ue55ku6400', 'EAN': '011220433', 'Gelistet_seit': '8806088292564', 'Diagonale': '55"/\u200b140cm ', ' Auflösung': '3840x2160 ', ' Panel': 'LCD, LED (Edge-lit, Dimming), HDR ', ' Bildwiederholfrequenz': '1500Hz (interpoliert) ', ' 3D': 'nein ', ' Tuner': '1x DVB-T/\u200b-T2/\u200b-C/\u200b-S/\u200b-S2 MPEG-4 AVC ', ' Video-Anschlüsse': '3x HDMI, Komponenten (YPbPr), Composite Video ', ' Audio-Anschlüsse': 'Digital Audio Out (1x optisch) ', ' Weitere Anschlüsse': '2x USB 2.0, LAN, 1x CI+ 1.3 ', ' Wireless': 'WLAN, Bluetooth ', ' Prozessor': 'Quad-Core ', ' Betriebssystem': 'Web OS 3.0 ', ' Audio-Decoder': 'Dolby Digital Plus, DTS ', ' Audio-Gesamtleistung': '20W (2x 10W) ', ' Besonderheiten': 'Webbrowser, Webservices, HbbTV, DLNA-Client ', ' Energieeffizienzklasse': 'A ', ' Jahresverbrauch': '154kWh ', ' Leistungsaufnahme': '111W (typisch) ', ' Abmessungen mit Standfuß': '123.7x77.6x29.6cm ', ' Abmessungen ohne Standfuß': '123.7x71.6x5.5cm ', ' Gewicht mit Standfuß': '19.80kg ', ' Gewicht ohne Standfuß': '17.20kg', ' Wiedergabe': 'HEVC, DivX, MKV, AVI ', ' VESA': '300x200', ' Herstellergarantie': 'zwei Jahre'}, ['754', '754', '754', '754', '755', '758', '758', '765', '767', '779', '779', '780', '783', '799', '799', '815', '819', '819', '847', '849', '859', '899', '899', '912', '939', '970', '1098', '1099', '1100', '1299', '1479'], ['Köck', 'electronic4you', 'Servicehansa', 'Elektro Kaiba', 'Selektro', 'XXL Resch', 'Krejcik Radio Wien', 'AVH-Shop', 'SHB Steiner - Hofinger - Bauer', 'Kammerhofer&CO Steyr', 'HeimkinoWelt', 'myduano.com', 'Gasometercity Onlineshop', 'Oberndorfer.tv', 'akatronik', 'e-tec.at', 'Alternate.at', 'sevenrabbits', 'DiTech.at', 'ComStern.at', 'Majdic', '0815', 'mylemon.at', 'audio-exklusiv', 'ElectronicShop24', 'electronics24.at', 'katzenbeisser multimedia & mehr', 'Josef Nopp GmbH', 'Schreck', 'neckermann.at']]
[{'Produktname': 'kd-55xd7005', 'EAN': '454873602', 'Gelistet_seit': 'seit', 'Diagonale': '55"/\u200b140cm ', ' Auflösung': '3840x2160 ', ' Panel': 'LCD, LED (Direct-lit), HDR ', ' Bildwiederholfrequenz': '50Hz (nativ), 200Hz (interpoliert) ', ' 3D': 'nein ', ' Tuner': '1x DVB-C/\u200b-T/\u200b-T2/\u200b-S/\u200b-S2 HEVC ', ' Video-Anschlüsse': '4x HDMI 2.0 (HDCP 2.2), 1x SCART, Composite Video ', ' Audio-Anschlüsse': 'Digital Audio Out (1x optisch), 1x Kopfhörer (3.5mm) ', ' Weitere Anschlüsse': '3x USB 2.0, LAN, CI+ 1.3 ', ' Wireless': 'WLAN, Bluetooth ', ' Prozessor': 'Quad-Core ', ' Betriebssystem': 'Android TV ', ' Audio-Decoder': 'Dolby Digital, Dolby Digital Plus ', ' Audio-Gesamtleistung': '20W (2x 10W) ', ' Besonderheiten': 'Webbrowser, Webservices, USB-Recorder, Sprachsteuerung ', ' Energieeffizienzklasse': 'A ', ' Jahresverbrauch': '155kWh ', ' Leistungsaufnahme': '112W (typisch), 0.5W (Standby) ', ' Abmessungen mit Standfuß': '124.5x77x23.5cm ', ' Abmessungen ohne Standfuß': '124.5x73x7.8cm ', ' Gewicht mit Standfuß': '17.80kg ', ' Gewicht ohne Standfuß': '16.90kg', ' Wiedergabe': 'HEVC, DivX, MKV, AVI ', ' VESA': '300x200', ' Herstellergarantie': 'zwei Jahre', ' Blickwinkel (h/\u200bv)': '178°/\u200b178° '}, ['799', '799', '799', '799', '799', '809', '819', '827', '842', '849', '849', '879', '879', '879', '879', '897', '899', '899', '922', '999', '999', '999'], ['Köck', 'sevenrabbits', 'Krejcik Radio Wien', 'Gasometercity Onlineshop', 'Universal Versand', 'myduano.com', 'QUELLE', 'Amazon.at', 'Saturn.at', 'Media Markt.at', 'Foto Lamprechter', 'Vienna Camera', 'Sony Center Innsbruck', 'Alternate.at', 'Cyberport.at', 'audio-exklusiv', 'electronics24.at', 'Cyberport Österreich', 'Europafunk', 'HeimkinoWelt', 'Conrad.at']]
[{'Produktname': 'samsung-ue55ku6170', 'EAN': '8806088392394', 'Gelistet_seit': '24.05.2016', 'Diagonale': '55"/\u200b140cm ', ' Auflösung': '3840x2160 ', ' Panel': 'LCD, LED (Edge-lit, Dimming), gebogen (4.2m Radius), HDR ', ' Bildwiederholfrequenz': '50Hz (nativ), 200Hz (interpoliert) ', ' 3D': 'nein ', ' Tuner': '1x DVB-T/\u200b-T2/\u200b-C/\u200b-S/\u200b-S2 MPEG-4 AVC ', ' Video-Anschlüsse': '3x HDMI, Komponenten (YPbPr), Komponenten (YPbPr), Composite Video ', ' Audio-Anschlüsse': 'Digital Audio Out (1x optisch) ', ' Weitere Anschlüsse': '2x USB 2.0, LAN, 1x CI+ 1.3 ', ' Wireless': 'WLAN ', ' Prozessor': 'Quad-Core ', ' Betriebssystem': 'Android TV ', ' Audio-Decoder': 'Dolby Digital Plus, DTS ', ' Audio-Gesamtleistung': '20W (2x 10W) ', ' Besonderheiten': 'Webbrowser, Webservices, HbbTV, DLNA-Client ', ' Energieeffizienzklasse': 'A ', ' Jahresverbrauch': '154kWh ', ' Leistungsaufnahme': '111W (typisch) ', ' Abmessungen mit Standfuß': '124.2x77.9x31.1cm ', ' Abmessungen ohne Standfuß': '124.2x71.9x11.2cm ', ' Gewicht mit Standfuß': '17.20kg ', ' Gewicht ohne Standfuß': '16.20kg', ' Wiedergabe': 'HEVC, DivX, MKV, AVI ', ' VESA': '300x200', ' Herstellergarantie': 'zwei Jahre', ' Blickwinkel (h/\u200bv)': '178°/\u200b178° '}, ['849', '849', '849', '849', '849', '849', '849', '849', '849', '857', '869', '899', '899', '999', '1039', '1399'], ['akatronik', 'Kammerhofer&CO Steyr', 'Köck', 'sevenrabbits', 'Servicehansa', 'Krejcik Radio Wien', '0815', 'XXL Resch', 'HeimkinoWelt', 'Gasometercity Onlineshop', 'Saturn.at', 'Media Markt.at', 'Schreck', 'audio-exklusiv', 'neckermann.at']]
[{'Produktname': 'samsung-ue32k5170', 'EAN': '8806088319490', 'Gelistet_seit': '30.03.2016', 'Diagonale': '32"/\u200b81cm ', ' Auflösung': '1920x1080 ', ' Panel': 'LCD, LED (Edge-lit) ', ' Bildwiederholfrequenz': '200Hz (interpoliert) ', ' 3D': 'nein ', ' Tuner': '1x DVB-T/\u200b-C/\u200b-S/\u200b-S2 MPEG-4 AVC ', ' Video-Anschlüsse': '2x HDMI, Komponenten (YPbPr), Composite Video ', ' Audio-Anschlüsse': 'Digital Audio Out (1x optisch) ', ' Weitere Anschlüsse': '1x USB 2.0, 1x CI+ 1.3 ', ' Wireless': 'WLAN ', ' Prozessor': 'Single-Core ', ' Betriebssystem': 'Android TV ', ' Audio-Decoder': 'Dolby Digital Plus, DTS ', ' Audio-Gesamtleistung': '20W (2x 10W) ', ' Besonderheiten': 'Webbrowser, Webservices, HbbTV, DLNA-Client ', ' Energieeffizienzklasse': 'A ', ' Jahresverbrauch': '154kWh ', ' Leistungsaufnahme': '111W (typisch) ', ' Abmessungen mit Standfuß': '72.1x51.8x18.1cm ', ' Abmessungen ohne Standfuß': '72.1x45.9x7.8cm ', ' Gewicht mit Standfuß': '5.00kg ', ' Gewicht ohne Standfuß': '16.20kg', ' Wiedergabe': 'HEVC, DivX, MKV, AVI ', ' VESA': '100x100 ', ' Herstellergarantie': 'zwei Jahre', ' Blickwinkel (h/\u200bv)': '178°/\u200b178° '}, ['269', '269', '277', '278', '278', '287', '289', '299', '299', '299', '299', '299', '299', '309', '319', '319', '324', '336', '345', '345', '349', '349', '352', '359', '361', '371'], ['Alternate.at', '0815', 'akatronik', 'Elektro Kaiba', 'e-tec.at', 'Majdic', 'Kammerhofer&CO Steyr', 'Köck', 'electronic4you', 'AVH-Shop', 'Servicehansa', 'Gasometercity Onlineshop', 'DiTech.at', 'Roka4you', 'neckermann.at', 'Krejcik Radio Wien', 'ComStern.at', 'Selektro', 'HeimkinoWelt', 'Saturn.at', 'Media Markt.at', 'Josef Nopp GmbH', 'Gasometercity Onlineshop', 'audio-exklusiv', 'Radio Höndl & Co']]
[{'Produktname': 'samsung-ue70ku6070', 'EAN': '8806088405544', 'Gelistet_seit': '30.03.2016', 'Diagonale': '70"/\u200b178cm ', ' Auflösung': '3840x2160 ', ' Panel': 'LCD, LED (Edge-lit, Dimming), HDR ', ' Bildwiederholfrequenz': '1300Hz (interpoliert) ', ' 3D': 'nein ', ' Tuner': '1x DVB-T/\u200b-T2/\u200b-C/\u200b-S/\u200b-S2 MPEG-4 AVC ', ' Video-Anschlüsse': '3x HDMI, Komponenten (YPbPr), Composite Video ', ' Audio-Anschlüsse': 'Digital Audio Out (1x optisch) ', ' Weitere Anschlüsse': '2x USB 2.0, LAN, 1x CI+ 1.3 ', ' Wireless': 'WLAN, Bluetooth ', ' Prozessor': 'Quad-Core ', ' Betriebssystem': 'Android TV ', ' Audio-Decoder': 'Dolby Digital Plus, DTS ', ' Audio-Gesamtleistung': '20W (2x 10W) ', ' Besonderheiten': 'Webbrowser, Webservices, DLNA-Client ', ' Energieeffizienzklasse': 'A ', ' Jahresverbrauch': '245kWh ', ' Leistungsaufnahme': '177W (typisch)', ' Abmessungen mit Standfuß': '72.1x51.8x18.1cm ', ' Abmessungen ohne Standfuß': '72.1x45.9x7.8cm ', ' Gewicht mit Standfuß': '5.00kg ', ' Gewicht ohne Standfuß': '16.20kg', ' Wiedergabe': 'HEVC, DivX, MKV, AVI ', ' VESA': '100x100 ', ' Herstellergarantie': 'zwei Jahre', ' Blickwinkel (h/\u200bv)': '178°/\u200b178° '}, ['1567', '1567', '1568', '1569', '1599', '1599', '1649', '1748', '1749', '1760', '1760', '1760', '1790', '1790', '1790', '1790', '1799', '1799', '1799', '1970', '1999', '2049', '2149', '2212', '2267', '2285', '2499', '2499'], ['electronic4you', 'Elektro Kaiba', 'XXL Resch', 'Kammerhofer&CO Steyr', '0815', 'Alternate.at', 'mylemon.at', 'SHB Steiner - Hofinger - Bauer', 'akatronik', 'DiTech.at', 'e-tec.at', 'Köck', 'Servicehansa', 'Krejcik Radio Wien', 'Gasometercity Onlineshop', 'Majdic', 'Saturn.at', 'Media Markt.at', 'ComStern.at', 'HeimkinoWelt', 'katzenbeisser multimedia & mehr', 'AVH-Shop', 'ElectronicShop24', 'Radio Höndl & Co', 'audio-exklusiv', 'electronics24.at', 'Schreck']]
[{'Produktname': 'tx-58dxw734', 'EAN': '5025232839643', 'Gelistet_seit': '29.02.2016', 'Diagonale': '58"/\u200b147cm ', ' Auflösung': '3840x2160 ', ' Panel': 'LCD, LED (Direct-lit, Local Dimming), HDR ', ' Bildwiederholfrequenz': '1400Hz (interpoliert) ', ' 3D': 'nein ', ' Tuner': '2x DVB-C/\u200b-T/\u200b-T2/\u200b-S/\u200b-S2 HEVC ', ' Video-Anschlüsse': '3x HDMI 2.0 (HDCP 2.2), Komponenten (YPbPr), Composite Video ', ' Audio-Anschlüsse': 'Digital Audio Out (1x optisch), 1x Kopfhörer (3.5mm) ', ' Weitere Anschlüsse': '1x USB 3.0, 2x USB 2.0, LAN, 2x CI+ 1.3 ', ' Wireless': 'WLAN ', ' Prozessor': 'Quad-Core ', ' Betriebssystem': 'Firefox OS ', ' Audio-Decoder': 'Dolby Digital ', ' Audio-Gesamtleistung': '20W (2x 10W) ', ' Besonderheiten': 'Webbrowser, Webservices, HbbTV, DLNA-Client, SAT-IP-Client, SAT-IP-Server, USB-Recorder, Sprachsteuerung ', ' Energieeffizienzklasse': 'A ', ' Jahresverbrauch': '152kWh ', ' Leistungsaufnahme': '109W (typisch), 0.5W (Standby) ', ' Abmessungen mit Standfuß': '129x80.5x23.9cm ', ' Abmessungen ohne Standfuß': '129x75.3x4.1cm ', ' Gewicht mit Standfuß': '24.00kg ', ' Gewicht ohne Standfuß': '23.00kg ', ' Wiedergabe': 'HEVC, AVI, MKV ', ' VESA': '400x200', ' Herstellergarantie': 'zwei Jahre', ' Blickwinkel (h/\u200bv)': '178°/\u200b178° '}, ['1179', '1179', '1179', '1188', '1188', '1188', '1194', '1196', '1196', '1242', '1242', '1242', '1249', '1249', '1249', '1249', '1249', '1254', '1255', '1272', '1290', '1290', '1299', '1317', '1336', '1371', '1399', '1499'], ['Cyberport Österreich', 'Cyberport.at', 'electronic4you', 'ComStern.at', 'Amazon.at', 'Krejcik Radio Wien', 'Köck', 'Servicehansa', 'katzenbeisser multimedia & mehr', 'Gasometercity Onlineshop', 'Oberndorfer.tv', 'Saturn.at', 'Media Markt.at', 'Universal Versand', 'QUELLE', 'OTTO Österreich', 'Amazon.at', 'sevenrabbits', 'mylemon.at', 'HeimkinoWelt', 'e-tec.at', 'Majdic', 'DiTech.at', 'audio-exklusiv', 'ElectronicShop24', 'Technik-Ertl', 'Conrad.at']]
[{'Produktname': 'samsung-ue40j5150', 'EAN': '019202191', 'Gelistet_seit': 'seit', 'Diagonale': '40"/\u200b102cm ', ' Auflösung': '1920x1080 ', ' Panel': 'LCD, LED (Edge-lit) ', ' Bildwiederholfrequenz': '1400Hz (interpoliert) ', ' 3D': 'nein ', ' Tuner': '1x DVB-T/\u200b-C/\u200b-S/\u200b-S2 MPEG-4 AVC ', ' Video-Anschlüsse': '2x HDMI 1.4, 1x SCART, Komponenten (YPbPr), Composite Video ', ' Audio-Anschlüsse': 'Digital Audio Out (1x optisch), 1x Kopfhörer (3.5mm) ', ' Weitere Anschlüsse': '1x USB 2.0, 1x CI+ 1.3 ', ' Wireless': 'WLAN ', ' Prozessor': 'Quad-Core ', ' Betriebssystem': 'Firefox OS ', ' Audio-Decoder': 'Dolby Digital Plus, DTS ', ' Audio-Gesamtleistung': '20W (2x 10W) ', ' Besonderheiten': 'Unicable ', ' Energieeffizienzklasse': 'A+ ', ' Jahresverbrauch': '67kWh ', ' Leistungsaufnahme': '46W (typisch), 0.3W (Standby) ', ' Abmessungen mit Standfuß': '90.8x58.6x28.8cm ', ' Abmessungen ohne Standfuß': '90.8x53.3x6.5cm ', ' Gewicht mit Standfuß': '8.60kg ', ' Gewicht ohne Standfuß': '7.60kg ', ' Wiedergabe': 'DivX-HD, DivX, MKV ', ' VESA': '200x200 ', ' Herstellergarantie': 'zwei Jahre', ' Blickwinkel (h/\u200bv)': '178°/\u200b178° '}, ['309', '309', '321', '335', '344', '356', '387', '483'], ['XXL Resch', 'Amazon.at', 'computeruniverse.at', 'Alternate.at', 'mylemon.at', 'Amazon.at', 'ElectronicShop24']]
[{'Produktname': 'ue65ks8080-silber', 'EAN': '8806088243313', 'Gelistet_seit': '23.03.2016', 'Diagonale': '65"/\u200b165cm ', ' Auflösung': '3840x2160 ', ' Panel': 'LCD, LED (Direct-lit, Local Dimming), Quantum dot, HDR ', ' Bildwiederholfrequenz': '2300Hz (interpoliert) ', ' 3D': 'nein ', ' Tuner': '2x DVB-T/\u200b-T2/\u200b-C/\u200b-S/\u200b-S2 HEVC ', ' Video-Anschlüsse': '4x HDMI ', ' Audio-Anschlüsse': 'Digital Audio Out (1x optisch) ', ' Weitere Anschlüsse': '1x USB 3.0, 2x USB 2.0, LAN, 1x CI+ 1.3 ', ' Wireless': 'WLAN, Bluetooth ', ' Prozessor': 'Quad-Core ', ' Betriebssystem': 'Tizen ', ' Audio-Decoder': 'Dolby Digital Plus, DTS ', ' Audio-Gesamtleistung': '60W (2x 30W) ', ' Besonderheiten': 'Webbrowser, Webservices, HbbTV, DLNA-Client, USB-Recorder, Sprachsteuerung ', ' Energieeffizienzklasse': 'A+ ', ' Jahresverbrauch': '164kWh ', ' Leistungsaufnahme': '118W (typisch), 0.3W (Standby) ', ' Abmessungen mit Standfuß': '144.9x93x41.4cm ', ' Abmessungen ohne Standfuß': '144.9x83.5x4.1cm ', ' Gewicht mit Standfuß': '28.60kg ', ' Gewicht ohne Standfuß': '26.40kg', ' Wiedergabe': 'HEVC, DivX, MKV, AVI ', ' VESA': '200x200 ', ' Herstellergarantie': 'zwei Jahre', ' Blickwinkel (h/\u200bv)': '178°/\u200b178° '}, ['2600', '2600', '3199'], ['SHB Steiner - Hofinger - Bauer', 'Kücher-Digitale Welt']]
[{'Produktname': 'ue55ks7080-silber', 'EAN': '8806088251363', 'Gelistet_seit': '23.03.2016', 'Diagonale': '55"/\u200b140cm ', ' Auflösung': '3840x2160 ', ' Panel': 'LCD, LED (Direct-lit, Local Dimming), Quantum dot, HDR ', ' Bildwiederholfrequenz': '2100Hz (interpoliert) ', ' 3D': 'nein ', ' Tuner': '1x DVB-T/\u200b-T2/\u200b-C/\u200b-S/\u200b-S2 HEVC ', ' Video-Anschlüsse': '4x HDMI ', ' Audio-Anschlüsse': 'Digital Audio Out (1x optisch), 1x Kopfhörer (3.5mm) ', ' Weitere Anschlüsse': '1x USB 3.0, 2x USB 2.0, LAN, 1x CI+ 1.3 ', ' Wireless': 'WLAN, Bluetooth ', ' Prozessor': 'Quad-Core ', ' Betriebssystem': 'Tizen ', ' Audio-Decoder': 'Dolby Digital Plus, DTS ', ' Audio-Gesamtleistung': '40W (2x 20W) ', ' Besonderheiten': 'Webbrowser, Webservices, HbbTV, DLNA-Client, USB-Recorder, Sprachsteuerung ', ' Energieeffizienzklasse': 'A+ ', ' Jahresverbrauch': '118kWh ', ' Leistungsaufnahme': '85W (typisch), 0.3W (Standby) ', ' Abmessungen mit Standfuß': '122.5x77.6x23.3cm ', ' Abmessungen ohne Standfuß': '122.5x71x4.4cm ', ' Gewicht mit Standfuß': '17.60kg ', ' Gewicht ohne Standfuß': '26.40kg', ' Wiedergabe': 'HEVC, DivX, MKV, AVI ', ' VESA': '400x400 ', ' Herstellergarantie': 'zwei Jahre', ' Blickwinkel (h/\u200bv)': '178°/\u200b178° '}, ['1499', '1499', '1499', '1499', '1499', '1499', '1499', '1999'], ['Kammerhofer&CO Steyr', 'Majdic', 'HeimkinoWelt', 'electronic4you', 'AVH-Shop', 'Krejcik Radio Wien', 'Kücher-Digitale Welt']]
[{'Produktname': 'electronics-55eg9109', 'EAN': '033204206', 'Gelistet_seit': '<p>Geliste', 'Diagonale': '55"/\u200b140cm ', ' Auflösung': '1920x1080 ', ' Panel': 'OLED, gebogen ', ' Bildwiederholfrequenz': '2100Hz (interpoliert) ', ' 3D': 'passiv, 2D-3D-Konverter, inkl. zwei Brillen ', ' Tuner': '1x DVB-T/\u200b-C/\u200b-S/\u200b-S2 MPEG-4 AVC ', ' Video-Anschlüsse': '3x HDMI 1.4, 1x SCART, Komponenten (YPbPr) ', ' Audio-Anschlüsse': 'Digital Audio Out (1x optisch), 1x Kopfhörer (3.5mm) ', ' Weitere Anschlüsse': '1x USB 3.0, 2x USB 2.0, LAN, 1x CI+ 1.3 ', ' Wireless': 'WLAN, WiDi, Miracast ', ' Prozessor': 'Quad-Core ', ' Betriebssystem': 'WebOS 2.0 ', ' Audio-Decoder': 'Dolby Digital, DTS ', ' Audio-Gesamtleistung': '20W (2x 10W) ', ' Besonderheiten': 'Webbrowser, Webservices, HbbTV, DLNA-Client, USB-Recorder ', ' Energieeffizienzklasse': 'A ', ' Jahresverbrauch': '161kWh ', ' Leistungsaufnahme': '110W (typisch), 0.3W (Standby) ', ' Abmessungen mit Standfuß': '122.5x76x20.8cm ', ' Abmessungen ohne Standfuß': '122.5x70.3x4.9cm ', ' Gewicht mit Standfuß': '17.20kg ', ' Gewicht ohne Standfuß': '13.60kg ', ' Wiedergabe': 'HEVC, DivX, DivX-HD ', ' VESA': '400x400 ', ' Herstellergarantie': 'zwei Jahre', ' Blickwinkel (h/\u200bv)': '178°/\u200b178° '}, ['1309', '1309', '1499'], ['Amazon.at', 'tecedo.at']]
[{'Produktname': 'oled-55c6v', 'EAN': '205000463', 'Gelistet_seit': '8806087616811', 'Diagonale': '55"/\u200b140cm ', ' Auflösung': '3840x2160 ', ' Panel': 'OLED, gebogen, HDR ', ' Bildwiederholfrequenz': '2100Hz (interpoliert) ', ' 3D': 'passiv, 2D-3D-Konverter, inkl. zwei Brillen ', ' Tuner': '1x DVB-T/\u200b-T2/\u200b-C/\u200b-S/\u200b-S2 HEVC ', ' Video-Anschlüsse': '3x HDMI 2.0 (HDCP 2.2), Komponenten (YPbPr), Composite Video ', ' Audio-Anschlüsse': 'Digital Audio Out (1x optisch), 1x Kopfhörer (3.5mm) ', ' Weitere Anschlüsse': '1x USB 3.0, 2x USB 2.0, LAN, 1x CI+ 1.3 ', ' Wireless': 'WLAN 802.11ac, Bluetooth, Miracast, WiDi ', ' Prozessor': 'Quad-Core ', ' Betriebssystem': 'Web OS 3.0 ', ' Audio-Decoder': 'DTS ', ' Audio-Gesamtleistung': '40W (2x 20W) ', ' Besonderheiten': 'Webbrowser, Webservices, DLNA-Client, USB-Recorder, Ultra HD Premium, Dolby Vision, Sprachsteuerung, Gestensteuerung ', ' Energieeffizienzklasse': 'B ', ' Jahresverbrauch': '212kWh ', ' Leistungsaufnahme': '145W (typisch), 0.5W (Standby) ', ' Abmessungen mit Standfuß': '122.5x76.2x19.1cm ', ' Abmessungen ohne Standfuß': '122.5x71.4x4.9cm ', ' Gewicht mit Standfuß': '16.50kg ', ' Gewicht ohne Standfuß': '13.20kg ', ' Wiedergabe': 'HEVC, DivX, DivX-HD ', ' VESA': '400x200', ' Herstellergarantie': 'zwei Jahre', ' Blickwinkel (h/\u200bv)': '178°/\u200b178° '}, ['2399', '2399', '2399', '2399', '2399', '2399', '2399', '2490', '2499', '2499', '2539', '2696', '2698', '2789', '2789', '2799', '2851', '2899', '2999', '2999', '2999', '3559', '3559', '3999'], ['akatronik', 'Kammerhofer&CO Steyr', 'electronic4you', 'Krejcik Radio Wien', '0815', 'myduano.com', 'ComStern.at', 'HeimkinoWelt', 'AVH-Shop', 'audio-exklusiv', 'Majdic', 'Radio Höndl & Co', 'Universal Versand', 'OTTO Österreich', 'Saturn.at', 'QUELLE', 'Conrad.at', 'electronics24.at', 'Köck', 'sevenrabbits', 'Lefkowits', 'Gendo', 'd-t-s.at']]
[{'Produktname': 'samsung-ue32j4000', 'EAN': '036143344', 'Gelistet_seit': '8806086897129', 'Diagonale': '32"/\u200b81cm ', ' Auflösung': '1366x768 ', ' Panel': 'LCD, LED (Edge-lit) ', ' Bildwiederholfrequenz': '50Hz (nativ), 100Hz (interpoliert) ', ' 3D': 'nein ', ' Tuner': '1x DVB-T/\u200b-C MPEG-4 AVC ', ' Video-Anschlüsse': '2x HDMI 1.4, 1x SCART, Komponenten (YPbPr), Composite Video ', ' Audio-Anschlüsse': 'Digital Audio Out (1x optisch), 1x Kopfhörer (3.5mm) ', ' Weitere Anschlüsse': '1x USB 2.0, 1x CI+ 1.3 ', ' Wireless': 'WLAN 802.11ac, Bluetooth, Miracast, WiDi ', ' Prozessor': 'Quad-Core ', ' Betriebssystem': 'Web OS 3.0 ', ' Audio-Decoder': 'Dolby Digital, DTS ', ' Audio-Gesamtleistung': '10W (2x 5W) ', ' Besonderheiten': 'Webbrowser, Webservices, DLNA-Client, USB-Recorder, Ultra HD Premium, Dolby Vision, Sprachsteuerung, Gestensteuerung ', ' Energieeffizienzklasse': 'A+ ', ' Jahresverbrauch': '212kWh ', ' Leistungsaufnahme': '145W (typisch), 0.5W (Standby) ', ' Abmessungen mit Standfuß': '74.5x46.7x15.1cm ', ' Abmessungen ohne Standfuß': '74.5x44.2x6.9cm ', ' Gewicht mit Standfuß': '3.82kg ', ' Gewicht ohne Standfuß': '3.73kg ', ' Wiedergabe': 'HEVC, DivX, DivX-HD ', ' VESA': '200x200 ', ' Herstellergarantie': 'zwei Jahre', ' Blickwinkel (h/\u200bv)': '178°/\u200b178° '}, ['192', '192', '192', '192', '192', '192', '195', '197', '198', '198', '199', '199', '199', '199', '206', '207', '209', '217', '219', '224', '259', '260', '353'], ['Köck', 'electronic4you', 'Servicehansa', '0815', 'myduano.com', 'Elektro Kaiba', 'akatronik', 'QUELLE', 'Universal Versand', 'Saturn.at', 'Media Markt.at', 'INTERSPAR Onlineshop', 'Alternate.at', 'sevenrabbits', 'e-tec.at', 'DiTech.at', 'mylemon.at', 'computeruniverse.at', 'OTTO Österreich', 'Selektro', 'foto-goetz.at', 'ElectronicShop24']]
[{'Produktname': 'samsung-ue40j6289', 'EAN': '016230542', 'Gelistet_seit': 'seit', 'Diagonale': '40"/\u200b102cm ', ' Auflösung': '1920x1080 ', ' Panel': 'LCD, LED (Edge-lit, Dimming) ', ' Bildwiederholfrequenz': '700Hz (interpoliert) ', ' 3D': 'nein ', ' Tuner': '1x DVB-T/\u200b-T2/\u200b-C/\u200b-S/\u200b-S2 HEVC ', ' Video-Anschlüsse': '4x HDMI, Komponenten (YPbPr), Composite Video ', ' Audio-Anschlüsse': 'Digital Audio Out (1x optisch) ', ' Weitere Anschlüsse': '3x USB 2.0, LAN, 1x CI+ 1.3 ', ' Wireless': 'WLAN, Bluetooth ', ' Prozessor': 'Quad-Core ', ' Betriebssystem': 'Web OS 3.0 ', ' Audio-Decoder': 'Dolby Digital Plus, DTS ', ' Audio-Gesamtleistung': '20W (2x 10W) ', ' Besonderheiten': 'Webbrowser, Webservices, HbbTV, DLNA-Client, Unicable ', ' Energieeffizienzklasse': 'A+ ', ' Jahresverbrauch': '65kWh ', ' Leistungsaufnahme': '47W (typisch), 0.3W (Standby) ', ' Abmessungen mit Standfuß': '90.7x58.6x28.8cm ', ' Abmessungen ohne Standfuß': '90.7x53.9x6.3cm ', ' Gewicht mit Standfuß': '8.70kg ', ' Gewicht ohne Standfuß': '7.80kg ', ' Wiedergabe': 'HEVC, DivX, MKV, AVI ', ' VESA': '200x200 ', ' Herstellergarantie': 'zwei Jahre', ' Blickwinkel (h/\u200bv)': '178°/\u200b178° '}, ['382', '382', '399', '413', '414', '426', '436', '439', '444', '447', '449', '452', '452', '480', '489'], ['Amazon.at', 'Universal Versand', 'QUELLE', 'Alternate.at', 'mylemon.at', 'OTTO Österreich', 'Cyberport.at', 'Conrad.at', 'Amazon.at', 'ElectronicShop24', 'Cyberport Österreich', 'computeruniverse.at', 'XXL Resch', 'W4Sat-Madhuber']]
[{'Produktname': 'electronics-55eg920v', 'EAN': '880608714', 'Gelistet_seit': '8806087144949</p>', 'Diagonale': '55"/\u200b140cm ', ' Auflösung': '3840x2160 ', ' Panel': 'OLED, gebogen ', ' Bildwiederholfrequenz': '700Hz (interpoliert) ', ' 3D': 'passiv, 2D-3D-Konverter, inkl. vier Brillen ', ' Tuner': '1x DVB-T/\u200b-T2/\u200b-C/\u200b-S/\u200b-S2 HEVC ', ' Video-Anschlüsse': '2x HDMI 2.0 (HDCP 2.2), 1x HDMI 1.4 (MHL), 1x SCART, Komponenten (YPbPr) ', ' Audio-Anschlüsse': 'Digital Audio Out (1x optisch), 1x Kopfhörer (3.5mm) ', ' Weitere Anschlüsse': '1x USB 3.0, 2x USB 2.0, LAN, 1x CI+ 1.3 ', ' Wireless': 'WLAN, WiDi, Miracast ', ' Prozessor': 'Quad-Core ', ' Betriebssystem': 'WebOS 2.0 ', ' Audio-Decoder': 'Dolby Digital, DTS ', ' Audio-Gesamtleistung': '20W (2x 10W) ', ' Besonderheiten': 'Webbrowser, Webservices, HbbTV, DLNA-Client, USB-Recorder ', ' Energieeffizienzklasse': 'A ', ' Jahresverbrauch': '145kWh ', ' Leistungsaufnahme': '99W (typisch), 0.3W (Standby) ', ' Abmessungen mit Standfuß': '122.6x81x21.3cm ', ' Abmessungen ohne Standfuß': '122.6x71.9x5cm ', ' Gewicht mit Standfuß': '18.90kg ', ' Gewicht ohne Standfuß': '15.30kg ', ' Wiedergabe': 'HEVC, DivX, DivX-HD ', ' VESA': '300x300 ', ' Herstellergarantie': 'zwei Jahre', ' Blickwinkel (h/\u200bv)': '178°/\u200b178° '}, ['1998', '1998', '1999', '1999', '2038', '2199', '2568', '2594', '2649', '2698', '2740', '2843'], ['electronic4you', 'Saturn.at', 'Alternate.at', 'mylemon.at', 'VDS-Online', 'e-tec.at', 'DiTech.at', 'audio-exklusiv', 'neuGier.at', 'Oberndorfer.tv', 'Bestseller4you']]
[{'Produktname': 'electronics-49uh650v', 'EAN': '880608758', 'Gelistet_seit': 'seit', 'Diagonale': '49"/\u200b124cm ', ' Auflösung': '3840x2160 ', ' Panel': 'LCD, LED (Direct-lit, Local Dimming), IPS, HDR ', ' Bildwiederholfrequenz': '1200Hz (interpoliert) ', ' 3D': 'nein ', ' Tuner': '1x DVB-T/\u200b-T2/\u200b-C/\u200b-S/\u200b-S2 HEVC ', ' Video-Anschlüsse': '3x HDMI 2.0 (HDCP 2.2), Komponenten (YPbPr), Composite Video ', ' Audio-Anschlüsse': 'Digital Audio Out (1x optisch), 1x Kopfhörer (3.5mm) ', ' Weitere Anschlüsse': '2x USB 2.0, LAN, 1x CI+ 1.3 ', ' Wireless': 'WLAN, Bluetooth, WiDi, Miracast ', ' Prozessor': 'Quad-Core ', ' Betriebssystem': 'WebOS 3.0 ', ' Audio-Decoder': 'DTS ', ' Audio-Gesamtleistung': '20W (2x 10W) ', ' Besonderheiten': 'Webbrowser, Webservices, DLNA-Client, USB-Recorder ', ' Energieeffizienzklasse': 'A+ ', ' Jahresverbrauch': '83kWh ', ' Leistungsaufnahme': '57W (typisch), 0.3W (Standby) ', ' Abmessungen mit Standfuß': '110.6x70.1x16.2cm ', ' Abmessungen ohne Standfuß': '110.6x64.6x7.7cm ', ' Gewicht mit Standfuß': '12.30kg ', ' Gewicht ohne Standfuß': '12.00kg ', ' Wiedergabe': 'HEVC, DivX, DivX-HD ', ' VESA': '300x300 ', ' Herstellergarantie': 'zwei Jahre', ' Blickwinkel (h/\u200bv)': '178°/\u200b178° '}, ['599', '599', '610', '699'], ['Saturn.at', 'sevenrabbits', 'myduano.com']]
[{'Produktname': 'tx-40dxw734', 'EAN': '5025232839667', 'Gelistet_seit': '29.02.2016', 'Diagonale': '40"/\u200b102cm ', ' Auflösung': '3840x2160 ', ' Panel': 'LCD, LED (Direct-lit, Local Dimming), HDR ', ' Bildwiederholfrequenz': '1400Hz (interpoliert) ', ' 3D': 'nein ', ' Tuner': '2x DVB-C/\u200b-T/\u200b-T2/\u200b-S/\u200b-S2 HEVC ', ' Video-Anschlüsse': '3x HDMI 2.0 (HDCP 2.2), Komponenten (YPbPr), Composite Video ', ' Audio-Anschlüsse': 'Digital Audio Out (1x optisch), 1x Kopfhörer (3.5mm) ', ' Weitere Anschlüsse': '1x USB 3.0, 2x USB 2.0, LAN, 2x CI+ 1.3 ', ' Wireless': 'WLAN ', ' Prozessor': 'Quad-Core ', ' Betriebssystem': 'Firefox OS ', ' Audio-Decoder': 'Dolby Digital ', ' Audio-Gesamtleistung': '20W (2x 10W) ', ' Besonderheiten': 'Webbrowser, Webservices, HbbTV, DLNA-Client, SAT-IP-Client, SAT-IP-Server, USB-Recorder, Sprachsteuerung ', ' Energieeffizienzklasse': 'B ', ' Jahresverbrauch': '117kWh ', ' Leistungsaufnahme': '84W (typisch), 0.5W (Standby) ', ' Abmessungen mit Standfuß': '89.5x55.9x20.3cm ', ' Abmessungen ohne Standfuß': '89.5x51.4x4cm ', ' Gewicht mit Standfuß': '12.50kg ', ' Gewicht ohne Standfuß': '11.50kg ', ' Wiedergabe': 'HEVC, AVI, MKV ', ' VESA': '200x200', ' Herstellergarantie': 'zwei Jahre', ' Blickwinkel (h/\u200bv)': '178°/\u200b178° '}, ['704', '704', '704', '709', '720', '722', '723', '724', '724', '724', '724', '726', '739', '744', '749', '749', '764', '765', '785', '785', '785', '799', '799', '809', '810', '818', '849', '849', '849', '899', '899'], ['Amazon.at', 'haym.infotec (it-designworks)', 'ComStern.at', 'electronic4you', 'Cyberport.at', 'Oberndorfer.tv', 'Krob', 'Radio Höndl & Co', 'Köck', 'Servicehansa', 'Krejcik Radio Wien', 'Cyberport Österreich', 'mylemon.at', 'Gasometercity Onlineshop', 'Alternate.at', 'katzenbeisser multimedia & mehr', 'computeruniverse.at', 'Universal Versand', 'QUELLE', 'OTTO Österreich', 'Saturn.at', 'Media Markt.at', 'e-tec.at', 'Ennstal [IT]', 'DiTech.at', 'HeimkinoWelt', 'Di-Life', 'Elektro24.Store', 'Majdic', 'efachhandel']]
